,ID,GROUP,HMD,SCENARIO,TD,GP_N,GP_T,GP_T_SC
1,AA,TSV,QUEST,T1,282.26,5.0,47.284,45.364
2,AA,TSV,QUEST,S1,199.31,5.0,42.27,35.1424
3,AA,TSV,QUEST,T2,385.14,5.0,68.02,68.0376
4,AA,TSV,QUEST,S2,545.02,9.0,43.862,57.440555555555555
6,AB,CTRL,QUEST,T1,230.1,5.0,35.78,34.9544
7,AB,CTRL,QUEST,S1,197.1,5.0,41.622,34.7066
8,AB,CTRL,QUEST,T2,298.34,5.0,53.045,48.6206
9,AB,CTRL,QUEST,S2,486.41,9.0,38.522,50.083666666666666
