{
    "global": {
        "tutorial": {
            "time_info": {
                "duration": {
                    "mean": 475.42857142857144,
                    "stdev": 88.9304168865695
                }
            },
            "events": {
                "gameplay": {
                    "numOfInteractions": {
                        "with_rep": {
                            "mean": 9,
                            "stdev": 0.0
                        },
                        "without_rep": {
                            "mean": 9,
                            "stdev": 0.0
                        }
                    },
                    "meanTimeBetweenInteraction": {
                        "with_rep": {
                            "mean": 59.42857142857143,
                            "stdev": 11.116302110821188
                        },
                        "without_rep": {
                            "mean": 59.42857142857143,
                            "stdev": 11.116302110821188
                        }
                    }
                },
                "interact": {
                    "numOfInteractions": {
                        "with_rep": {
                            "mean": 909,
                            "stdev": 228.82744590629858
                        },
                        "without_rep": {
                            "mean": 531.5714285714286,
                            "stdev": 134.47906546232036
                        }
                    },
                    "meanTimeBetweenInteraction": {
                        "with_rep": {
                            "mean": 0.5162678261669175,
                            "stdev": 0.09053800187115707
                        },
                        "without_rep": {
                            "mean": 0.8850643324541624,
                            "stdev": 0.16003313901552382
                        }
                    }
                },
                "move": {
                    "numOfInteractions": {
                        "with_rep": {
                            "mean": 94,
                            "stdev": 21.354156504062622
                        },
                        "without_rep": {
                            "mean": 94,
                            "stdev": 21.354156504062622
                        }
                    },
                    "meanTimeBetweenInteraction": {
                        "with_rep": {
                            "mean": 6.245746743307042,
                            "stdev": 2.4932737213688125
                        },
                        "without_rep": {
                            "mean": 6.245746743307042,
                            "stdev": 2.4932737213688125
                        }
                    },
                    "total_distance": {
                        "mean": 309.80968575,
                        "stdev": 68.80780478678524
                    }
                }
            }
        },
        "game": {
            "time_info": {
                "duration": {
                    "mean": 314.42857142857144,
                    "stdev": 112.28365440979843
                }
            },
            "events": {
                "gameplay": {
                    "numOfInteractions": {
                        "with_rep": {
                            "mean": 21,
                            "stdev": 6.733003292241386
                        },
                        "without_rep": {
                            "mean": 13.571428571428571,
                            "stdev": 3.9520940802374147
                        }
                    },
                    "meanTimeBetweenInteraction": {
                        "with_rep": {
                            "mean": 19.451663453987294,
                            "stdev": 16.069645098526212
                        },
                        "without_rep": {
                            "mean": 27.23095238095238,
                            "stdev": 13.326666488005905
                        }
                    }
                },
                "interact": {
                    "numOfInteractions": {
                        "with_rep": {
                            "mean": 490.2857142857143,
                            "stdev": 176.5358455439143
                        },
                        "without_rep": {
                            "mean": 291,
                            "stdev": 75.40778032360674
                        }
                    },
                    "meanTimeBetweenInteraction": {
                        "with_rep": {
                            "mean": 0.5680070262621003,
                            "stdev": 0.16487391653057204
                        },
                        "without_rep": {
                            "mean": 0.9217388740249833,
                            "stdev": 0.19290219425128521
                        }
                    }
                },
                "move": {
                    "numOfInteractions": {
                        "with_rep": {
                            "mean": 85.75,
                            "stdev": 38.29164399709158
                        },
                        "without_rep": {
                            "mean": 85.75,
                            "stdev": 38.29164399709158
                        }
                    },
                    "meanTimeBetweenInteraction": {
                        "with_rep": {
                            "mean": 3.383472889162,
                            "stdev": 0.7760439341406177
                        },
                        "without_rep": {
                            "mean": 3.383472889162,
                            "stdev": 0.7760439341406177
                        }
                    },
                    "total_distance": {
                        "mean": 253.6001455,
                        "stdev": 120.34660951741418
                    }
                }
            }
        }
    },
    "scenarios": {
        "car_accident": {
            "tutorial": {
                "time_info": {
                    "duration": {
                        "mean": 475.42857142857144,
                        "stdev": 88.9304168865695
                    }
                },
                "events": {
                    "gameplay": {
                        "numOfInteractions": {
                            "with_rep": {
                                "mean": 9,
                                "stdev": 0.0
                            },
                            "without_rep": {
                                "mean": 9,
                                "stdev": 0.0
                            }
                        },
                        "meanTimeBetweenInteraction": {
                            "with_rep": {
                                "mean": 59.42857142857143,
                                "stdev": 11.116302110821188
                            },
                            "without_rep": {
                                "mean": 59.42857142857143,
                                "stdev": 11.116302110821188
                            }
                        }
                    },
                    "interact": {
                        "numOfInteractions": {
                            "with_rep": {
                                "mean": 909,
                                "stdev": 228.82744590629858
                            },
                            "without_rep": {
                                "mean": 531.5714285714286,
                                "stdev": 134.47906546232036
                            }
                        },
                        "meanTimeBetweenInteraction": {
                            "with_rep": {
                                "mean": 0.5162678261669175,