{
    "duration": {
        "guided": {
            "mean": 440.0,
            "stdev": 176.00852252092795
        },
        "nonguided": {
            "mean": 310.0,
            "stdev": 47.843494855622744
        }
    },
    "gameplay": {
        "num_of_interactions": {
            "guided": {
                "with_rep": {
                    "mean": 9,
                    "stdev": 0.0
                },
                "without_rep": {
                    "mean": 9,
                    "stdev": 0.0
                }
            },
            "nonguided": {
                "with_rep": {
                    "mean": 20.333333333333332,
                    "stdev": 9.073771725877465
                },
                "without_rep": {
                    "mean": 11,
                    "stdev": 2.0
                }
            }
        },
        "gameplay_mean_time_between_interactions": {
            "guided": {
                "with_rep": {
                    "mean": 55.0,
                    "stdev": 22.001065315115994
                },
                "without_rep": {
                    "mean": 55.0,
                    "stdev": 22.001065315115994
                }
            },
            "nonguided": {
                "with_rep": {
                    "mean": 19.566889632107024,
                    "stdev": 11.686364489281623
                },
                "without_rep": {
                    "mean": 31.458333333333332,
                    "stdev": 5.169522060435891
                }
            }
        }
    },
    "interact": {
        "num_of_interactions": {
            "guided": {
                "with_rep": {
                    "mean": 607.6666666666666,
                    "stdev": 206.2288372981173
                },
                "without_rep": {
                    "mean": 364.6666666666667,
                    "stdev": 110.0923854466481
                }
            },
            "nonguided": {
                "with_rep": {
                    "mean": 328.3333333333333,
                    "stdev": 44.959240800232976
                },
                "without_rep": {
                    "mean": 218.66666666666666,
                    "stdev": 21.361959960016154
                }
            }
        },
        "gameplay_mean_time_between_interactions": {
            "guided": {
                "with_rep": {
                    "mean": 0.6580716382490753,
                    "stdev": 0.10541463167096682
                },
                "without_rep": {
                    "mean": 1.0889535599901454,
                    "stdev": 0.19065674948096475
                }
            },
            "nonguided": {
                "with_rep": {
                    "mean": 0.7270497502473334,
                    "stdev": 0.031647620183257764
                },
                "without_rep": {
                    "mean": 1.0945439041511806,
                    "stdev": 0.13493094874929482
                }
            }
        }
    }
}