{
    "global": {
        "time_info": {
            "duration": {
                "mean": 543,
                "stdev": 393.6343480947769
            }
        },
        "events": {
            "gameplay": {
                "numOfInteractions": {
                    "with_rep": {
                        "mean": 17.5,
                        "stdev": 8.103497187428813
                    },
                    "without_rep": {
                        "mean": 16.5,
                        "stdev": 7.895146188218008
                    }
                },
                "meanTimeBetweenInteraction": {
                    "with_rep": {
                        "mean": 31.998809523809523,
                        "stdev": 11.080349964184263
                    },
                    "without_rep": {
                        "mean": 33.77207977207977,
                        "stdev": 10.36860446440588
                    }
                }
            },
            "interact": {
                "numOfInteractions": {
                    "with_rep": {
                        "mean": 657,
                        "stdev": 652.855777845817
                    },
                    "without_rep": {
                        "mean": 366.5,
                        "stdev": 254.1934958517494
                    }
                },
                "meanTimeBetweenInteraction": {
                    "with_rep": {
                        "mean": 0.7951036569789633,
                        "stdev": 0.1903273571985328
                    },
                    "without_rep": {
                        "mean": 1.2134598873149984,
                        "stdev": 0.16904935814231808
                    }
                }
            },
            "move": {
                "numOfInteractions": {
                    "with_rep": {
                        "mean": 144.75,
                        "stdev": 61.190277005419745
                    },
                    "without_rep": {
                        "mean": 144.75,
                        "stdev": 61.190277005419745
                    }
                },
                "meanTimeBetweenInteraction": {
                    "with_rep": {
                        "mean": 3.4045548679795052,
                        "stdev": 1.4446262067762863
                    },
                    "without_rep": {
                        "mean": 3.4045548679795052,
                        "stdev": 1.4446262067762863
                    }
                },
                "total_distance": {
                    "mean": 299.654756,
                    "stdev": 104.16913139444493
                }
            }
        }
    },
    "scenarios": {
        "sandbox": {
            "time_info": {
                "duration": {
                    "mean": 406,
                    "stdev": 406
                }
            },
            "events": {
                "gameplay": {
                    "numOfInteractions": {
                        "with_rep": {
                            "mean": 16,
                            "stdev": 16
                        },
                        "without_rep": {
                            "mean": 14,
                            "stdev": 14
                        }
                    },
                    "meanTimeBetweenInteraction": {
                        "with_rep": {
                            "mean": 27.066666666666666,
                            "stdev": 27.066666666666666
                        },
                        "without_rep": {
                            "mean": 31.23076923076923,
                            "stdev": 31.23076923076923
                        }
                    }
                },
                "interact": {
                    "numOfInteractions": {
                        "with_rep": {
                            "mean": 286,
                            "stdev": 286
                        },
                        "without_rep": {
                            "mean": 219,
                            "stdev": 219
                        }
                    },
                    "meanTimeBetweenInteraction": {
                        "with_rep": {
                            "mean": 0.9578947368421052,
                            "stdev": 0.9578947368421052
                        },
                        "without_rep": {
                            "mean": 1.2522935779816513,
                            "stdev": 1.2522935779816513
                        }
                    }
                },
                "move": {
                    "numOfInteractions": {
                        "with_rep": {
                            "mean": 92,
                            "stdev": 92
                        },
                        "without_rep": {
                            "mean": 92,
                            "stdev": 92
                        }
                    },
                    "meanTimeBetweenInteraction": {
                        "with_rep": {
                            "mean": 4.329670329670329,
                            "stdev": 4.329670329670329
                        },
                        "without_rep": {
                            "mean": 4.329670329670329,
                            "stdev": 4.329670329670329
                        }
                    },
                    "total_distance": {
                        "mean": 208.06293400000004,
                        "stdev": 208.06293400000004
                    }
                }
            }
        },
        "tutorial": {
            "time_info": {
                "duration": {
                    "mean": 378,
                    "stdev": 378
                }
            },
            "events": {
                "gameplay": {
                    "numOfInteractions": {
                        "with_rep": {
                            "mean": 10,
                            "stdev": 10
                        },
                        "without_rep": {
                            "mean": 10,
                            "stdev": 10
                        }
                    },
                    "meanTimeBetweenInteraction": {
                        "with_rep": {
                            "mean": 42,
                            "stdev": 42
                        },
                        "without_rep": {
                            "mean": 42,
                            "stdev": 42
                        }
                    }
                },
                "interact": {
                    "numOfInteractions": {
                        "with_rep": {
                            "mean": 341,
                            "stdev": 341
                        },
                        "without_rep": {
                            "mean": 259,
                            "stdev": 259
                        }
                    },
                    "meanTimeBetweenInteraction": {
                        "with_rep": {
                            "mean": 0.961764705882353,
                            "stdev": 0.961764705882353
                        },
                        "without_rep": {
                            "mean": 1.2674418604651163,
                            "stdev": 1.2674418604651163
                        }
                    }
                },
                "move": {
                    "numOfInteractions": {
                        "with_rep": {
                            "mean": 177,
                            "stdev": 177
                        },
                        "without_rep": {
                            "mean": 177,
                            "stdev": 177
                        }
                    },
                    "meanTimeBetweenInteraction": {
                        "with_rep": {
                            "mean": 1.9318181818181819,